break_quarter,horizon,n_obs,beta_pre,beta_pre_se,beta_pre_pvalue,beta_change,beta_change_se,beta_change_pvalue,beta_post,r_squared
2015Q1,0,69,-0.007684837936768639,0.006531614449876461,0.23937107083468723,0.012416724458210876,0.008476559105694965,0.14296709923709838,0.004731886521442237,0.483945696672167
2015Q1,1,68,0.00553425019225607,0.006712012940101989,0.4096389709171283,0.003258941482883599,0.010419869440074104,0.7544613215342616,0.008793191675139669,0.42513240120688744
2015Q1,2,67,0.0008944217570341637,0.005411190723587176,0.8687148505467732,-0.014404214575865172,0.006655158038424819,0.030436077576300017,-0.013509792818831008,0.5599653507507694
2015Q1,3,66,-0.011548768858345076,0.004991845446968908,0.020693686040712884,0.013402205974362669,0.007140713519706946,0.06053562569529347,0.0018534371160175925,0.6360765441485281
2015Q1,4,65,-0.010243567453846403,0.005697414668936375,0.072187692464262,0.019237837624957992,0.007039735272535257,0.00628079569281288,0.008994270171111589,0.6854907626458835
2015Q1,5,64,-0.010047325088514459,0.004236589887458165,0.017713193383418462,0.02078637196644844,0.009227691733309234,0.024283877993695354,0.010739046877933981,0.6657281181266994
2015Q1,6,63,-0.01818011748871509,0.006324573739993723,0.004046413753453301,0.027091562586076,0.0066481517176276116,4.600410679609163e-05,0.008911445097360911,0.732256534260747
2015Q1,7,62,-0.008744913797061878,0.00732481323001425,0.23252673983327687,0.012132018475140793,0.010070341472661929,0.22830847135195975,0.0033871046780789144,0.6188084074915018
2015Q1,8,61,-0.013249229764035544,0.006150265260894248,0.031220306261977082,0.017773070677721617,0.008855533840784474,0.04474949153085405,0.0045238409136860724,0.7623764271864306
