break_quarter,horizon,n_obs,beta_pre,beta_pre_se,beta_pre_pvalue,beta_change,beta_change_se,beta_change_pvalue,beta_post,r_squared
2016Q1,0,69,-0.006947828417881358,0.00555697830180474,0.21119402323091963,0.01379763435590577,0.009154746182463548,0.13177057138182283,0.006849805938024412,0.4847733676565861
2016Q1,1,68,0.006214472359301565,0.005916536391940938,0.29355424503281047,0.0023013036491843367,0.012341323785437779,0.8520751224582623,0.008515776008485902,0.42313184197224496
2016Q1,2,67,-0.002217510414779172,0.004894890766445739,0.6505303681846232,-0.010269727599798896,0.007977326491961948,0.19796724252709064,-0.012487238014578067,0.5393770228551834
2016Q1,3,66,-0.011619987483301699,0.0040069263305421545,0.0037319203817184335,0.018933386844793176,0.006853718695618167,0.0057360845114615725,0.007313399361491477,0.6304803288962346
2016Q1,4,65,-0.007868244820719876,0.006433557837215677,0.22132948578100986,0.020923153559442156,0.008103764625780841,0.00982565172291621,0.01305490873872228,0.6723178405639543
2016Q1,5,64,-0.009610362626917779,0.0034376599778181104,0.0051801589402420654,0.025642915623635004,0.008333384573559253,0.0020900345981271396,0.016032552996717225,0.672153676067716
2016Q1,6,63,-0.01631710215110957,0.006281601406926548,0.009387715690737016,0.02838603743489783,0.006980671770545021,4.774983585490965e-05,0.01206893528378826,0.7391026763124451
2016Q1,7,62,-0.007340647884387505,0.006556037312495926,0.26285118942836194,0.007486484146312917,0.011409401323503324,0.5117160302441205,0.00014583626192541266,0.6302719829101773
2016Q1,8,61,-0.010851978756106585,0.006818298795173551,0.11147545447145844,0.016532700963983835,0.010102797734271264,0.10174590547560566,0.005680722207877249,0.7586362999552739
