break_quarter,horizon,n_obs,beta_pre,beta_pre_se,beta_pre_pvalue,beta_change,beta_change_se,beta_change_pvalue,beta_post,r_squared
2013Q3,0,69,-0.0048891129452301625,0.006242708319873751,0.4335262480927229,0.00695270736910223,0.008249298240526622,0.3993268271114827,0.002063594423872068,0.47612627447554123
2013Q3,1,68,0.006852037098450166,0.007093078094863436,0.33403545746057417,0.00139029179764584,0.010221156194488944,0.8918046865439689,0.008242328896096007,0.42323155340875895
2013Q3,2,67,0.0021910789228510455,0.006112797916202192,0.7200131269173959,-0.012946154704824261,0.007047242995716518,0.06620215921037408,-0.010755075781973215,0.549638507198593
2013Q3,3,66,-0.010414989618016415,0.005933434983709685,0.07920710779454103,0.011823695797998694,0.007588899413909112,0.11922729729042178,0.0014087061799822782,0.6308948961918153
2013Q3,4,65,-0.0116049625318602,0.005866669126933583,0.04791542078708927,0.020907364846223103,0.007117823094240637,0.003310561900134712,0.009302402314362903,0.6920667051469245
2013Q3,5,64,-0.012466931759484625,0.003046171581093738,4.264605368975466e-05,0.024771932872675546,0.007614213286211655,0.0011404068829631083,0.012305001113190921,0.6685342261904881
2013Q3,6,63,-0.01629077369618801,0.0076870107461259,0.03406850777033259,0.021824527894403145,0.009786603912404818,0.025744721649692985,0.005533754198215134,0.7159124720867929
2013Q3,7,62,-0.008663525937961642,0.008475459797911642,0.306691223613238,0.012115261656130746,0.011285003805404824,0.2830146499431896,0.0034517357181691032,0.6152103932951067
2013Q3,8,61,-0.01608201306112794,0.004860357163104844,0.0009369238619943667,0.02187615268658971,0.007533273367872542,0.003685020808449451,0.005794139625461773,0.7681583232718903
