break_quarter,horizon,n_obs,beta_pre,beta_pre_se,beta_pre_pvalue,beta_change,beta_change_se,beta_change_pvalue,beta_post,r_squared
2014Q1,0,69,-0.00470497554524185,0.00616301320804695,0.4452121819699928,0.0064592312099739455,0.008196109181049672,0.4306469524006692,0.0017542556647320955,0.47795058596692375
2014Q1,1,68,0.006257654137267119,0.006902597584360041,0.3646368192011472,0.0018184985220074598,0.010084959251312257,0.856903015640006,0.008076152659274579,0.4299361184540339
2014Q1,2,67,0.0012292019947333778,0.005890837979614222,0.8347110517582308,-0.012262439132356456,0.006979324925309488,0.07892354272997115,-0.011033237137623077,0.5624794408734297
2014Q1,3,66,-0.011211989738941119,0.005866233353490976,0.055969149630264205,0.012779433639723186,0.007425002538261752,0.0852262831092673,0.001567443900782067,0.6396664711339105
2014Q1,4,65,-0.011246495066277465,0.005949729022021679,0.058724087962542526,0.02070552121207663,0.007192580524690651,0.0039927580940877375,0.009459026145799167,0.6849225006230322
2014Q1,5,64,-0.01183626451889825,0.003262797568251146,0.000286020449021545,0.023811941522534272,0.007706519891858634,0.0020026188782469364,0.011975677003636023,0.6650806702140457
2014Q1,6,63,-0.016606044733490952,0.007594796505871169,0.028778831324005844,0.021908819451534646,0.009386485546100888,0.019591470484150574,0.005302774718043694,0.7209636973503747
2014Q1,7,62,-0.009112732137763606,0.008364215920807617,0.2759377287529905,0.01261303832438693,0.011038818485290517,0.253201532562364,0.0035003061866233243,0.6193228254371241
2014Q1,8,61,-0.01584445990741942,0.005033410348459009,0.0016447169529281492,0.021379833981841515,0.0075229729566264935,0.004484000026587857,0.005535374074422096,0.7682416022933665
